{"data_time": 0.006836133000035716, "eta_seconds": 11.407962555000495, "fast_rcnn/cls_accuracy": 0.767578125, "fast_rcnn/false_negative": 1.0, "fast_rcnn/fg_cls_accuracy": 0.0, "iteration": 19, "loss_box_reg": 0.7546043395996094, "loss_cls": 1.0178977847099304, "loss_rpn_cls": 0.004963259911164641, "loss_rpn_loc": 0.0056753261014819145, "lr": 0.00095155, "rank_data_time": 0.006836133000035716, "roi_head/num_bg_samples": 102.25, "roi_head/num_fg_samples": 25.75, "rpn/num_neg_anchors": 248.0, "rpn/num_pos_anchors": 8.0, "time": 0.3802654185000165, "total_loss": 1.928307187044993}
{"data_time": 0.005991598000036902, "eta_seconds": 3.633517609999899, "fast_rcnn/cls_accuracy": 0.81640625, "fast_rcnn/false_negative": 0.8022836538461539, "fast_rcnn/fg_cls_accuracy": 0.04161931818181818, "iteration": 39, "loss_box_reg": 0.7427922487258911, "loss_cls": 0.5066810250282288, "loss_rpn_cls": 0.0010956090409308672, "loss_rpn_loc": 0.003148924559354782, "lr": 0.0019505500000000001, "rank_data_time": 0.005991598000036902, "roi_head/num_bg_samples": 101.5, "roi_head/num_fg_samples": 26.5, "rpn/num_neg_anchors": 251.25, "rpn/num_pos_anchors": 4.75, "time": 0.3534474090000117, "total_loss": 1.2401941880816594}
{"data_time": 0.00604592050001429, "eta_seconds": 0.0, "fast_rcnn/cls_accuracy": 0.80078125, "fast_rcnn/false_negative": 0.2921401515151515, "fast_rcnn/fg_cls_accuracy": 0.10606060606060606, "iteration": 49, "loss_box_reg": 0.6551525294780731, "loss_cls": 0.4810255914926529, "loss_rpn_cls": 0.0005180943990126252, "loss_rpn_loc": 0.004704259801656008, "lr": 0.00245005, "rank_data_time": 0.00604592050001429, "roi_head/num_bg_samples": 100.75, "roi_head/num_fg_samples": 27.25, "rpn/num_neg_anchors": 250.0, "rpn/num_pos_anchors": 6.0, "time": 0.35584985750006126, "total_loss": 1.1648385055514154}
{"data_time": 0.017560908999939784, "eta_seconds": 16.28506909999942, "fast_rcnn/cls_accuracy": 0.8046875, "fast_rcnn/false_negative": 0.1741431451612903, "fast_rcnn/fg_cls_accuracy": 0.21254960317460317, "iteration": 59, "loss_box_reg": 0.3715330511331558, "loss_cls": 0.492082342505455, "loss_rpn_cls": 2.9681909836654086e-05, "loss_rpn_loc": 0.006925092311576009, "lr": 0.001476025, "rank_data_time": 0.017560908999939784, "roi_head/num_bg_samples": 96.5, "roi_head/num_fg_samples": 31.5, "rpn/num_neg_anchors": 248.5, "rpn/num_pos_anchors": 7.5, "time": 0.40712672749998546, "total_loss": 0.8772979986269718}
{"data_time": 0.007064099000103852, "eta_seconds": 7.579828989998987, "fast_rcnn/cls_accuracy": 0.796875, "fast_rcnn/false_negative": 0.15740740740740738, "fast_rcnn/fg_cls_accuracy": 0.10243055555555555, "iteration": 79, "loss_box_reg": 0.30503684282302856, "loss_cls": 0.5134693086147308, "loss_rpn_cls": 9.754105849424377e-05, "loss_rpn_loc": 0.006139179691672325, "lr": 0.001975525, "rank_data_time": 0.007064099000103852, "roi_head/num_bg_samples": 98.75, "roi_head/num_fg_samples": 29.25, "rpn/num_neg_anchors": 248.75, "rpn/num_pos_anchors": 7.25, "time": 0.3725856334998525, "total_loss": 0.8311050262527715}
{"data_time": 0.009549133000064103, "eta_seconds": 0.0, "fast_rcnn/cls_accuracy": 0.814453125, "fast_rcnn/false_negative": 0.096875, "fast_rcnn/fg_cls_accuracy": 0.20811987704918034, "iteration": 99, "loss_box_reg": 0.24324113130569458, "loss_cls": 0.4457933306694031, "loss_rpn_cls": 3.5371293961361516e-05, "loss_rpn_loc": 0.004212758736684918, "lr": 0.002475025, "rank_data_time": 0.009549133000064103, "roi_head/num_bg_samples": 98.25, "roi_head/num_fg_samples": 29.75, "rpn/num_neg_anchors": 249.5, "rpn/num_pos_anchors": 6.5, "time": 0.37567614049999065, "total_loss": 0.6973634691566986}
